"Date","Price","Open","High","Low","Vol.","Change %"
"Dec 03, 2021","21,875.96","21,890.20","22,211.18","21,861.78","-","-0.07%"
"Dec 02, 2021","21,890.20","21,758.61","21,952.88","21,737.96","-","0.60%"
"Dec 01, 2021","21,758.61","22,207.39","22,293.00","21,753.26","-","-2.98%"
"Nov 30, 2021","22,426.07","22,588.53","22,588.53","21,846.35","-","-0.72%"
"Nov 29, 2021","22,588.53","22,925.38","22,988.18","22,320.13","-","-1.47%"
"Nov 26, 2021","22,925.38","23,039.47","23,039.47","22,523.03","-","-0.50%"
"Nov 25, 2021","23,039.47","23,182.09","23,255.32","22,882.48","-","-0.62%"
"Nov 24, 2021","23,182.09","23,494.90","23,534.27","23,074.19","-","-1.33%"
"Nov 23, 2021","23,494.90","23,874.04","23,889.98","23,332.85","-","-1.59%"
"Nov 22, 2021","23,874.04","21,846.47","24,049.10","21,846.47","-","9.28%"
"Nov 19, 2021","21,846.47","21,500.57","21,905.28","21,366.66","-","1.61%"
"Nov 18, 2021","21,500.57","21,573.22","21,865.53","21,385.92","-","-0.34%"
"Nov 17, 2021","21,573.22","21,639.41","21,741.80","21,426.58","-","-0.31%"
"Nov 16, 2021","21,639.41","22,016.10","22,034.83","21,605.91","-","-1.71%"
"Nov 15, 2021","22,016.10","22,486.09","22,498.69","21,938.59","-","-2.09%"
"Nov 12, 2021","22,486.09","22,637.46","22,697.37","22,466.54","-","-0.67%"
"Nov 11, 2021","22,637.46","22,487.19","22,642.04","22,383.66","-","0.67%"
"Nov 10, 2021","22,487.19","22,413.32","22,488.90","22,214.47","-","0.33%"
"Nov 09, 2021","22,413.32","21,952.97","22,413.32","21,782.47","-","2.10%"
"Nov 08, 2021","21,952.97","22,039.39","22,256.27","21,920.68","-","-0.39%"
"Nov 05, 2021","22,039.39","22,410.04","22,606.96","22,032.81","-","-1.65%"
"Nov 04, 2021","22,410.04","21,614.53","22,410.04","21,614.53","-","3.68%"
"Nov 03, 2021","21,614.53","21,124.44","21,634.97","21,124.44","-","2.32%"
"Nov 02, 2021","21,124.44","20,561.17","21,167.62","20,561.17","-","2.74%"
"Oct 29, 2021","20,561.17","20,559.90","20,686.28","20,453.30","-","0.01%"
"Oct 28, 2021","20,559.90","20,652.99","20,709.08","20,456.12","-","-0.45%"
"Oct 27, 2021","20,652.99","21,225.62","21,317.27","20,652.99","-","-2.70%"
"Oct 26, 2021","21,225.62","20,851.45","21,314.80","20,851.45","-","1.79%"
"Oct 25, 2021","20,851.45","20,427.78","20,865.69","20,427.78","-","2.07%"
"Oct 22, 2021","20,427.78","20,272.59","20,491.66","20,269.97","-","0.77%"
"Oct 21, 2021","20,272.59","20,204.88","20,373.70","20,174.19","-","0.34%"
"Oct 20, 2021","20,204.88","20,012.32","20,319.27","19,923.79","-","0.96%"
"Oct 19, 2021","20,012.32","20,046.94","20,184.28","20,007.00","-","-0.17%"
"Oct 18, 2021","20,046.94","19,945.59","20,357.05","19,857.81","-","0.51%"
"Oct 15, 2021","19,945.59","20,032.79","20,251.48","19,857.88","-","-0.44%"
"Oct 14, 2021","20,032.79","20,075.97","20,202.14","19,960.61","-","-0.22%"
"Oct 13, 2021","20,075.97","20,533.19","20,591.82","19,920.85","-","-2.23%"
"Oct 12, 2021","20,533.19","20,692.59","20,943.73","20,498.74","-","-0.77%"
"Oct 08, 2021","20,692.59","20,621.74","20,785.56","20,621.74","-","0.34%"
"Oct 07, 2021","20,621.74","20,626.35","21,042.63","20,601.60","-","-0.02%"
"Oct 06, 2021","20,626.35","21,103.65","21,151.60","20,496.05","-","-2.26%"
"Oct 05, 2021","21,103.65","21,176.06","21,347.24","21,031.15","-","-0.34%"
"Oct 04, 2021","21,176.06","21,558.47","21,579.33","21,171.39","-","-1.77%"
"Oct 01, 2021","21,558.47","21,723.99","21,776.47","21,516.06","-","-0.76%"
"Sep 30, 2021","21,723.99","21,599.94","21,776.85","21,599.94","-","0.57%"
"Sep 29, 2021","21,599.94","21,544.43","21,732.86","21,524.03","-","0.26%"
"Sep 28, 2021","21,544.43","21,690.07","21,699.65","21,482.65","-","-0.67%"
"Sep 27, 2021","21,690.07","21,838.53","21,943.37","21,674.70","-","-0.68%"
"Sep 24, 2021","21,838.53","22,002.16","22,014.72","21,740.03","-","-0.74%"
"Sep 23, 2021","22,002.16","21,869.27","22,038.43","21,869.27","-","0.61%"
"Sep 22, 2021","21,869.27","21,508.49","21,915.09","21,508.49","-","1.68%"
"Sep 21, 2021","21,508.49","21,424.18","21,669.69","21,424.18","-","0.39%"
"Sep 20, 2021","21,424.18","22,278.84","22,278.84","21,419.02","-","-3.84%"
"Sep 16, 2021","22,278.84","22,163.69","22,279.54","22,017.48","-","0.52%"
"Sep 15, 2021","22,163.69","22,096.39","22,231.39","22,045.20","-","0.48%"
"Sep 14, 2021","22,057.70","22,009.13","22,196.53","22,009.13","-","0.22%"
"Sep 13, 2021","22,009.13","22,287.89","22,384.07","21,919.99","-","-1.25%"
"Sep 10, 2021","22,287.89","22,008.76","22,353.74","22,006.61","-","1.27%"
"Sep 09, 2021","22,008.76","21,880.15","22,036.98","21,580.78","-","0.59%"
"Sep 08, 2021","21,880.15","22,140.71","22,140.71","21,736.19","-","-1.18%"
"Sep 07, 2021","22,140.71","22,257.60","22,310.44","22,041.41","-","-0.53%"
"Sep 06, 2021","22,257.60","22,318.73","22,349.42","22,177.62","-","-0.27%"
"Sep 03, 2021","22,318.73","22,222.53","22,321.72","22,112.67","-","0.43%"
"Sep 02, 2021","22,222.53","22,291.38","22,381.12","22,157.73","-","-0.31%"
"Sep 01, 2021","22,291.38","22,466.61","22,466.61","22,250.35","-","-0.78%"
"Aug 31, 2021","22,466.61","22,524.59","22,524.59","22,364.50","-","-0.26%"
"Aug 30, 2021","22,524.59","22,289.96","22,540.10","22,289.96","-","1.05%"
"Aug 27, 2021","22,289.96","22,197.03","22,391.43","22,184.09","-","0.42%"
"Aug 26, 2021","22,197.03","22,154.48","22,285.53","22,093.62","-","0.19%"
"Aug 25, 2021","22,154.48","21,833.78","22,157.42","21,795.80","-","1.47%"
"Aug 24, 2021","21,833.78","21,944.04","21,988.22","21,728.00","-","-0.50%"
"Aug 23, 2021","21,944.04","21,726.06","21,978.07","21,726.06","-","1.00%"
"Aug 20, 2021","21,726.06","21,554.71","21,767.98","21,533.62","-","0.79%"
"Aug 19, 2021","21,554.71","21,706.22","21,706.22","21,472.92","-","-0.70%"
"Aug 18, 2021","21,706.22","21,605.47","21,723.31","21,532.36","-","0.47%"
"Aug 17, 2021","21,605.47","21,636.19","21,655.67","21,389.99","-","-0.14%"
"Aug 16, 2021","21,636.19","21,961.27","21,961.27","21,607.15","-","-1.48%"
"Aug 13, 2021","21,961.27","21,811.37","22,086.08","21,811.37","-","0.69%"
"Aug 12, 2021","21,811.37","21,772.60","21,834.37","21,606.64","-","0.10%"
"Aug 11, 2021","21,788.87","21,659.28","21,858.96","21,601.85","-","0.60%"
"Aug 10, 2021","21,659.28","21,184.71","21,726.80","21,184.71","-","2.24%"
"Aug 09, 2021","21,184.71","21,354.75","21,459.19","21,166.26","-","-0.80%"
"Aug 06, 2021","21,354.75","21,180.13","21,381.93","21,171.30","-","0.82%"
"Aug 05, 2021","21,180.13","21,043.80","21,241.34","21,028.19","-","0.65%"
"Aug 04, 2021","21,043.80","21,042.51","21,068.41","20,897.20","-","0.01%"
"Aug 03, 2021","21,042.51","21,070.24","21,114.32","20,900.01","-","-0.13%"
"Aug 02, 2021","21,070.24","21,238.31","21,355.73","20,977.03","-","-0.79%"
"Jul 30, 2021","21,238.31","21,251.31","21,408.90","21,060.62","-","-0.06%"
"Jul 29, 2021","21,251.31","20,884.38","21,271.59","20,880.69","-","1.76%"
"Jul 28, 2021","20,884.38","20,765.21","20,888.74","20,754.03","-","0.57%"
"Jul 27, 2021","20,765.21","20,775.75","20,798.18","20,625.37","-","-0.05%"
"Jul 26, 2021","20,775.75","20,974.61","21,093.71","20,770.22","-","-0.95%"
"Jul 23, 2021","20,974.61","21,422.16","21,422.16","20,915.70","-","-2.09%"
"Jul 22, 2021","21,422.16","21,372.12","21,513.82","21,259.67","-","0.23%"
"Jul 21, 2021","21,372.12","21,472.43","21,698.26","21,367.50","-","-0.47%"
"Jul 20, 2021","21,472.43","21,200.55","21,572.01","21,200.55","-","1.28%"
"Jul 19, 2021","21,200.55","20,831.74","21,207.88","20,819.42","-","1.77%"
"Jul 15, 2021","20,831.74","20,875.81","20,895.80","20,800.83","-","-0.21%"
"Jul 14, 2021","20,875.81","21,081.02","21,112.13","20,827.36","-","-0.97%"
"Jul 13, 2021","21,081.02","21,288.69","21,301.12","20,989.27","-","-0.98%"
"Jul 12, 2021","21,288.69","21,325.90","21,484.85","21,138.87","-","-0.17%"
"Jul 09, 2021","21,325.90","21,034.08","21,376.36","21,019.13","-","1.39%"
"Jul 08, 2021","21,034.08","21,127.11","21,127.11","20,822.99","-","-0.44%"
"Jul 07, 2021","21,127.11","20,949.66","21,127.11","20,941.78","-","0.85%"
"Jul 06, 2021","20,949.66","21,534.27","21,601.23","20,940.78","-","-2.71%"
"Jul 05, 2021","21,534.27","21,662.01","21,676.11","21,414.54","-","-0.59%"
"Jul 02, 2021","21,662.01","21,796.92","21,830.11","21,649.41","-","-0.62%"
"Jul 01, 2021","21,796.92","21,730.50","21,920.95","21,730.50","-","0.31%"
"Jun 30, 2021","21,730.50","21,692.52","21,796.79","21,564.36","-","0.18%"
"Jun 29, 2021","21,692.52","21,845.32","21,921.92","21,497.41","-","-0.70%"
"Jun 25, 2021","21,845.32","22,180.83","22,286.50","21,823.29","-","-1.51%"
"Jun 24, 2021","22,180.83","21,935.66","22,197.05","21,933.34","-","1.12%"
"Jun 23, 2021","21,935.66","21,931.46","22,200.73","21,923.97","-","0.02%"
"Jun 22, 2021","21,931.46","21,562.97","21,984.51","21,562.97","-","1.71%"
"Jun 18, 2021","21,562.97","21,740.33","21,757.51","21,509.85","-","-0.82%"
"Jun 17, 2021","21,740.33","21,881.97","21,908.55","21,691.70","-","-0.65%"
"Jun 16, 2021","21,881.97","21,905.34","22,069.99","21,794.67","-","-0.11%"
"Jun 15, 2021","21,905.34","21,829.16","22,016.63","21,592.21","-","0.35%"
"Jun 14, 2021","21,829.16","21,660.12","21,928.77","21,660.12","-","0.78%"
"Jun 11, 2021","21,660.12","21,439.37","21,692.58","21,439.37","-","1.03%"
"Jun 10, 2021","21,439.37","21,464.34","21,629.48","21,404.44","-","-0.12%"
"Jun 09, 2021","21,464.34","21,048.78","21,465.11","21,038.51","-","1.97%"
"Jun 08, 2021","21,048.78","20,855.34","21,156.29","20,855.34","-","0.93%"
"Jun 07, 2021","20,855.34","21,281.70","21,397.38","20,854.55","-","-2.00%"
"Jun 04, 2021","21,281.70","21,310.67","21,322.54","21,076.92","-","-0.14%"
"Jun 03, 2021","21,310.67","22,119.22","22,153.99","21,174.86","-","-3.66%"
"Jun 02, 2021","22,119.22","22,121.30","22,192.59","21,969.87","-","-0.01%"
"Jun 01, 2021","22,121.30","21,911.02","22,136.44","21,892.69","-","0.96%"
"May 31, 2021","21,911.02","21,433.57","21,920.35","21,433.57","-","2.23%"
"May 28, 2021","21,433.57","20,959.59","21,549.14","20,959.59","-","2.26%"
"May 27, 2021","20,959.59","20,747.09","21,151.04","20,747.09","-","1.02%"
"May 26, 2021","20,747.09","20,624.79","20,747.09","20,551.99","-","0.59%"
"May 25, 2021","20,624.79","20,741.60","21,000.73","20,535.12","-","-0.56%"
"May 24, 2021","20,741.60","20,593.94","20,842.16","20,593.94","-","0.72%"
"May 20, 2021","20,593.94","20,403.94","20,688.20","20,250.05","-","0.93%"
"May 19, 2021","20,403.94","20,966.34","20,966.34","20,323.86","-","-2.68%"
"May 18, 2021","20,966.34","21,001.47","21,461.40","20,685.41","-","-0.17%"
"May 17, 2021","21,001.47","23,054.59","23,054.59","20,978.63","-","-8.91%"
"May 14, 2021","23,054.59","22,451.02","23,073.75","22,451.02","-","2.69%"
"May 13, 2021","22,451.02","22,633.52","22,851.57","22,440.49","-","-0.81%"
"May 12, 2021","22,633.52","22,906.49","22,906.71","22,631.98","-","-1.19%"
"May 11, 2021","22,906.49","23,179.41","23,179.41","22,769.87","-","-1.18%"
"May 10, 2021","23,179.41","23,293.92","23,487.13","23,136.27","-","-0.49%"
"May 07, 2021","23,293.92","23,356.29","23,541.59","23,267.16","-","-0.27%"
"May 06, 2021","23,356.29","23,707.87","23,831.42","23,297.12","-","-1.48%"
"May 05, 2021","23,707.87","23,452.36","23,796.37","23,452.36","-","1.09%"
"May 04, 2021","23,452.36","23,158.13","23,452.36","23,158.13","-","1.27%"
"May 03, 2021","23,158.13","22,623.22","23,163.34","22,623.22","-","2.36%"
"Apr 30, 2021","22,623.22","22,946.04","23,055.79","22,618.96","-","-1.41%"
"Apr 29, 2021","22,946.04","23,156.14","23,525.55","22,897.12","-","-0.91%"
"Apr 28, 2021","23,156.14","23,961.93","24,078.88","23,118.56","-","-3.36%"
"Apr 27, 2021","23,961.93","24,556.54","24,603.91","23,954.65","-","-2.42%"
"Apr 26, 2021","24,556.54","24,425.34","24,726.67","24,425.34","-","0.54%"
"Apr 23, 2021","24,425.34","24,474.45","24,679.82","24,304.12","-","-0.20%"
"Apr 22, 2021","24,474.45","24,917.80","24,932.91","24,327.65","-","-1.78%"
"Apr 21, 2021","24,917.80","25,106.94","25,126.99","24,903.82","-","-0.75%"
"Apr 20, 2021","25,106.94","25,095.75","25,106.94","24,843.05","-","0.04%"
"Apr 19, 2021","25,095.75","25,153.90","25,240.12","25,044.38","-","-0.23%"
"Apr 16, 2021","25,153.90","24,917.44","25,198.43","24,917.44","-","0.95%"
"Apr 15, 2021","24,917.44","24,830.84","24,926.24","24,692.05","-","0.35%"
"Apr 14, 2021","24,830.84","24,726.67","24,830.84","24,655.51","-","0.42%"
"Apr 13, 2021","24,726.67","24,946.70","24,959.96","24,680.36","-","-0.88%"
"Apr 12, 2021","24,946.70","25,000.06","25,005.09","24,831.95","-","-0.21%"
"Apr 09, 2021","25,000.06","24,764.35","25,000.06","24,744.39","-","0.95%"
"Apr 08, 2021","24,764.35","24,539.96","24,769.67","24,531.39","-","0.91%"
"Apr 07, 2021","24,539.96","24,549.11","24,550.45","24,416.47","-","-0.04%"
"Apr 06, 2021","24,549.11","24,592.89","24,606.24","24,528.21","-","-0.18%"
"Apr 05, 2021","24,592.89","24,645.73","24,696.30","24,540.64","-","-0.21%"
"Apr 01, 2021","24,645.73","24,691.95","24,797.23","24,460.78","-","-0.17%"
"Mar 31, 2021","24,687.27","24,801.89","24,943.11","24,676.99","-","-0.46%"
"Mar 30, 2021","24,801.89","24,764.56","24,849.31","24,568.54","-","0.15%"
"Mar 29, 2021","24,764.56","24,450.98","24,909.97","24,450.98","-","1.28%"
"Mar 26, 2021","24,450.98","24,013.09","24,471.95","24,013.09","-","1.82%"
"Mar 25, 2021","24,013.09","24,367.62","24,384.63","23,867.39","-","-1.45%"
"Mar 24, 2021","24,367.62","24,199.01","24,468.40","24,136.99","-","0.70%"
"Mar 23, 2021","24,199.01","24,338.69","24,338.69","24,179.07","-","-0.57%"
"Mar 22, 2021","24,338.69","24,475.46","24,530.05","24,230.71","-","-0.56%"
"Mar 19, 2021","24,475.46","24,572.01","24,572.01","24,306.94","-","-0.39%"
"Mar 18, 2021","24,572.01","24,706.74","24,753.75","24,514.59","-","-0.55%"
"Mar 17, 2021","24,706.74","24,682.80","24,744.84","24,539.79","-","0.10%"
"Mar 16, 2021","24,682.80","24,723.50","24,786.01","24,576.09","-","-0.16%"
"Mar 15, 2021","24,723.50","24,623.13","24,793.14","24,623.13","-","0.41%"
"Mar 12, 2021","24,623.13","24,580.33","24,624.02","24,356.86","-","0.17%"
"Mar 11, 2021","24,580.33","24,608.11","24,804.38","24,456.84","-","-0.11%"
"Mar 10, 2021","24,608.11","24,360.19","24,612.89","24,290.50","-","1.02%"
"Mar 09, 2021","24,360.19","23,785.71","24,391.42","23,772.71","-","2.42%"
"Mar 08, 2021","23,785.71","23,784.48","23,806.29","23,635.19","-","0.01%"
"Mar 05, 2021","23,784.48","23,738.01","23,955.76","23,534.08","-","0.20%"
"Mar 04, 2021","23,738.01","24,107.92","24,127.21","23,738.01","-","-1.53%"
"Mar 03, 2021","24,107.92","23,806.74","24,161.53","23,771.16","-","1.27%"
"Mar 02, 2021","23,806.74","23,403.58","23,931.35","23,388.46","-","1.72%"
"Mar 01, 2021","23,403.58","23,099.23","23,408.71","23,099.23","-","1.32%"
"Feb 26, 2021","23,099.23","23,110.73","23,198.49","22,997.27","-","-0.05%"
"Feb 25, 2021","23,110.73","23,101.81","23,249.35","23,079.68","-","0.04%"
"Feb 24, 2021","23,101.81","22,709.56","23,188.93","22,709.56","-","1.73%"
"Feb 23, 2021","22,709.56","23,080.93","23,080.93","22,691.59","-","-1.61%"
"Feb 22, 2021","23,080.93","23,323.98","23,323.98","23,011.80","-","-1.04%"
"Feb 19, 2021","23,323.98","22,853.24","23,332.30","22,850.26","-","2.06%"
"Feb 18, 2021","22,853.24","23,028.30","23,030.23","22,756.44","-","-0.76%"
"Feb 17, 2021","23,028.30","23,461.04","23,477.90","23,005.72","-","-1.84%"
"Feb 16, 2021","23,461.04","23,315.37","23,578.77","23,315.37","-","0.62%"
"Feb 15, 2021","23,315.37","23,201.71","23,340.48","23,124.29","-","0.49%"
"Feb 12, 2021","23,201.71","22,951.91","23,201.71","22,881.70","-","1.09%"
"Feb 11, 2021","22,951.91","22,835.15","22,996.06","22,758.72","-","0.51%"
"Feb 10, 2021","22,835.15","22,905.83","22,969.67","22,674.34","-","-0.31%"
"Feb 09, 2021","22,905.83","22,643.01","22,909.80","22,626.68","-","1.16%"
"Feb 08, 2021","22,643.01","22,478.25","22,672.99","22,478.25","-","0.73%"
"Feb 05, 2021","22,478.25","22,305.07","22,515.44","22,302.89","-","0.78%"
"Feb 04, 2021","22,305.07","22,245.16","22,319.15","22,126.07","-","0.27%"
"Feb 03, 2021","22,245.16","22,313.52","22,413.47","22,236.34","-","-0.31%"
"Feb 02, 2021","22,313.52","22,113.41","22,470.08","22,113.41","-","0.90%"
"Feb 01, 2021","22,113.41","21,681.02","22,122.09","21,681.02","-","1.99%"
"Jan 29, 2021","21,681.02","22,247.12","22,287.64","21,677.60","-","-2.54%"
"Jan 28, 2021","22,247.12","22,306.76","22,332.04","22,030.68","-","-0.27%"
"Jan 27, 2021","22,306.76","22,674.52","22,674.52","22,211.27","-","-1.62%"
"Jan 26, 2021","22,674.52","22,645.02","22,838.60","22,502.73","-","0.13%"
"Jan 25, 2021","22,645.02","22,622.86","22,896.13","22,582.76","-","0.10%"
"Jan 22, 2021","22,622.86","23,080.62","23,080.62","22,622.86","-","-1.98%"
"Jan 21, 2021","23,080.62","23,329.50","23,482.42","23,080.62","-","-1.07%"
"Jan 20, 2021","23,329.50","23,438.85","23,584.11","23,294.24","-","-0.47%"
"Jan 19, 2021","23,438.85","23,207.90","23,544.99","23,207.90","-","1.00%"
"Jan 18, 2021","23,207.90","22,972.11","23,207.90","22,795.19","-","1.03%"
"Jan 15, 2021","22,972.11","23,260.44","23,261.34","22,966.95","-","-1.24%"
"Jan 14, 2021","23,260.44","23,314.21","23,387.44","23,115.94","-","-0.23%"
"Jan 13, 2021","23,314.21","23,019.25","23,314.21","23,019.25","-","1.28%"
"Jan 12, 2021","23,019.25","22,767.35","23,050.17","22,739.38","-","1.11%"
"Jan 11, 2021","22,767.35","22,813.87","22,813.87","22,545.03","-","-0.20%"
"Jan 08, 2021","22,813.87","22,652.15","22,855.82","22,511.07","-","0.71%"
"Jan 07, 2021","22,652.15","22,118.06","22,667.17","22,118.06","-","2.41%"
"Jan 06, 2021","22,118.06","21,877.67","22,210.59","21,877.67","-","1.10%"
"Jan 05, 2021","21,877.67","21,360.31","21,885.80","21,302.99","-","2.42%"
"Jan 04, 2021","21,360.31","21,007.46","21,450.30","21,007.46","-","1.68%"
"Dec 30, 2020","21,007.46","21,067.56","21,183.47","21,007.46","-","-0.29%"
"Dec 29, 2020","21,067.56","20,965.14","21,121.37","20,965.14","-","0.49%"
"Dec 28, 2020","20,965.14","20,737.71","21,007.68","20,737.71","-","1.10%"
"Dec 24, 2020","20,737.71","20,834.69","20,839.18","20,618.38","-","-0.47%"
"Dec 23, 2020","20,834.69","20,963.78","21,082.43","20,781.47","-","-0.62%"
"Dec 22, 2020","20,963.78","20,834.06","21,183.75","20,834.06","-","0.62%"
"Dec 21, 2020","20,834.06","21,059.56","21,059.56","20,640.53","-","-1.07%"
"Dec 18, 2020","21,059.56","20,994.56","21,244.12","20,994.56","-","0.31%"
"Dec 17, 2020","20,994.56","20,590.06","20,999.44","20,588.45","-","1.96%"
"Dec 16, 2020","20,590.06","20,359.09","20,615.16","20,359.09","-","1.13%"
"Dec 15, 2020","20,359.09","20,334.41","20,471.17","20,280.53","-","0.12%"
"Dec 14, 2020","20,334.41","20,473.05","20,661.52","20,318.94","-","-0.68%"
"Dec 11, 2020","20,473.05","20,564.12","20,637.14","20,338.58","-","-0.44%"
"Dec 10, 2020","20,564.12","20,752.19","20,899.63","20,564.09","-","-0.91%"
"Dec 09, 2020","20,752.19","20,656.26","20,935.29","20,639.09","-","0.46%"
"Dec 07, 2020","20,656.26","20,933.36","20,957.23","20,449.25","-","-1.32%"
"Dec 04, 2020","20,933.36","20,929.88","21,034.65","20,862.84","-","0.02%"
"Dec 03, 2020","20,929.88","20,769.53","20,932.04","20,710.79","-","0.77%"
"Dec 02, 2020","20,769.53","20,567.70","20,777.30","20,495.38","-","0.98%"
"Dec 01, 2020","20,567.70","20,229.06","20,585.71","20,229.06","-","1.67%"
"Nov 30, 2020","20,229.06","20,593.35","20,747.24","20,228.34","-","-1.77%"
"Nov 27, 2020","20,593.35","20,605.57","20,763.43","20,573.62","-","-0.06%"
"Nov 26, 2020","20,605.57","20,669.94","20,793.60","20,485.74","-","-0.31%"
"Nov 25, 2020","20,669.94","20,926.73","20,976.71","20,642.38","-","-1.23%"
"Nov 24, 2020","20,926.73","20,611.64","20,976.04","20,611.64","-","1.53%"
"Nov 23, 2020","20,611.64","20,263.83","20,611.64","20,263.83","-","1.72%"
"Nov 20, 2020","20,263.83","20,140.53","20,322.12","20,127.63","-","0.61%"
"Nov 19, 2020","20,140.53","20,494.35","20,502.93","20,092.74","-","-1.73%"
"Nov 18, 2020","20,494.35","20,233.88","20,496.48","20,233.88","-","1.29%"
"Nov 17, 2020","20,233.88","20,200.04","20,236.11","19,981.27","-","0.17%"
"Nov 16, 2020","20,200.04","19,994.46","20,410.87","19,994.46","-","1.03%"
"Nov 13, 2020","19,994.46","19,601.24","20,009.89","19,601.24","-","2.01%"
"Nov 12, 2020","19,601.24","19,909.15","19,919.87","19,601.24","-","-1.55%"
"Nov 11, 2020","19,909.15","19,909.51","20,052.51","19,785.57","-","-0.00%"
"Nov 10, 2020","19,909.51","19,693.98","19,915.90","19,519.97","-","1.09%"
"Nov 09, 2020","19,693.98","19,105.92","19,751.89","19,105.92","-","3.08%"
"Nov 06, 2020","19,105.92","18,621.97","19,120.87","18,553.29","-","2.60%"
"Nov 05, 2020","18,621.97","17,807.41","18,635.36","17,807.41","-","4.57%"
"Nov 04, 2020","17,807.41","17,832.48","17,977.93","17,683.54","-","-0.14%"
"Nov 03, 2020","17,832.48","18,052.85","18,188.12","17,766.26","-","-1.22%"
"Nov 02, 2020","18,052.85","17,918.79","18,209.78","17,918.79","-","0.75%"
"Oct 30, 2020","17,918.79","18,136.08","18,201.29","17,908.84","-","-1.20%"
"Oct 29, 2020","18,136.08","18,365.35","18,395.38","18,103.39","-","-1.25%"
"Oct 28, 2020","18,365.35","18,685.64","18,689.59","18,295.99","-","-1.71%"
"Oct 27, 2020","18,685.64","18,732.12","18,929.76","18,590.67","-","-0.25%"
"Oct 26, 2020","18,732.12","19,176.36","19,178.41","18,709.66","-","-2.32%"
"Oct 23, 2020","19,176.36","19,188.24","19,286.20","19,137.13","-","-0.06%"
"Oct 22, 2020","19,188.24","19,073.73","19,216.61","18,971.56","-","0.60%"
"Oct 21, 2020","19,073.73","18,581.74","19,073.73","18,569.79","-","2.65%"
"Oct 20, 2020","18,581.74","18,408.51","18,617.43","18,408.51","-","0.94%"
"Oct 19, 2020","18,408.51","18,457.24","18,610.43","18,408.51","-","-0.26%"
"Oct 16, 2020","18,457.24","18,551.97","18,606.31","18,408.40","-","-0.51%"
"Oct 15, 2020","18,551.97","18,561.71","18,670.74","18,359.21","-","-0.05%"
"Oct 14, 2020","18,561.71","18,520.38","18,566.11","18,443.35","-","0.22%"
"Oct 13, 2020","18,520.38","18,624.21","18,683.27","18,439.54","-","-0.56%"
"Oct 09, 2020","18,624.21","18,497.59","18,682.24","18,429.54","-","0.68%"
"Oct 08, 2020","18,497.59","18,235.02","18,497.59","18,235.02","-","1.44%"
"Oct 07, 2020","18,235.02","18,398.08","18,430.94","18,200.54","-","-0.89%"
"Oct 06, 2020","18,398.08","18,633.89","18,664.52","18,356.96","-","-1.27%"
"Oct 05, 2020","18,633.89","18,591.26","18,733.24","18,581.47","-","0.23%"
"Oct 02, 2020","18,591.26","18,460.35","18,629.88","18,265.39","-","0.71%"
"Oct 01, 2020","18,460.35","18,461.98","18,591.17","18,409.36","-","-0.01%"
"Sep 30, 2020","18,461.98","18,097.00","18,471.70","18,097.00","-","2.02%"
"Sep 29, 2020","18,097.00","18,278.50","18,278.54","18,017.63","-","-0.99%"
"Sep 28, 2020","18,278.50","18,242.01","18,433.49","18,242.01","-","0.20%"
"Sep 25, 2020","18,242.01","18,170.20","18,242.01","18,136.97","-","0.40%"
"Sep 24, 2020","18,170.20","17,950.07","18,262.55","17,950.07","-","1.23%"
"Sep 23, 2020","17,950.07","18,474.80","18,475.62","17,909.37","-","-2.84%"
"Sep 22, 2020","18,474.80","18,506.47","18,659.10","18,470.02","-","-0.17%"
"Sep 21, 2020","18,506.47","18,901.50","18,901.50","18,497.20","-","-2.09%"
"Sep 17, 2020","18,901.50","18,859.27","18,901.50","18,681.09","-","0.22%"
"Sep 16, 2020","18,859.27","18,878.56","18,885.88","18,767.97","-","-0.10%"
"Sep 15, 2020","18,878.56","18,828.32","18,942.05","18,828.32","-","0.27%"
"Sep 14, 2020","18,828.32","18,848.87","19,004.85","18,818.47","-","-0.11%"
"Sep 11, 2020","18,848.87","18,741.20","18,862.93","18,608.16","-","0.57%"
"Sep 10, 2020","18,741.20","19,122.63","19,171.32","18,674.31","-","-1.99%"
"Sep 09, 2020","19,122.63","19,375.75","19,425.63","19,118.21","-","-1.31%"
"Sep 08, 2020","19,375.75","19,505.04","19,505.04","19,320.54","-","-0.66%"
"Sep 07, 2020","19,505.04","19,314.43","19,511.23","19,314.43","-","0.99%"
"Sep 04, 2020","19,314.43","19,478.06","19,533.45","19,229.65","-","-0.84%"
"Sep 03, 2020","19,478.06","19,337.30","19,478.50","19,256.92","-","0.73%"
"Sep 02, 2020","19,337.30","19,085.56","19,396.86","19,085.56","-","1.32%"
"Sep 01, 2020","19,085.56","19,177.00","19,279.51","19,020.61","-","-0.48%"
"Aug 31, 2020","19,177.00","19,648.00","19,702.01","19,171.83","-","-2.40%"
"Aug 28, 2020","19,648.00","19,708.95","19,857.27","19,623.45","-","-0.31%"
"Aug 27, 2020","19,708.95","19,588.36","19,708.95","19,536.35","-","0.62%"
"Aug 26, 2020","19,588.36","19,759.54","19,799.32","19,560.25","-","-0.87%"
"Aug 25, 2020","19,759.54","20,069.44","20,115.65","19,711.21","-","-1.54%"
"Aug 24, 2020","20,069.44","20,199.05","20,281.88","20,040.66","-","-0.64%"
"Aug 21, 2020","20,199.05","20,132.32","20,206.72","20,097.09","-","0.33%"
"Aug 20, 2020","20,132.32","20,231.17","20,231.17","20,090.03","-","-0.49%"
"Aug 19, 2020","20,231.17","20,346.44","20,365.64","20,192.31","-","-0.57%"
"Aug 18, 2020","20,346.44","20,425.64","20,472.16","20,259.38","-","-0.39%"
"Aug 17, 2020","20,425.64","20,313.07","20,442.07","20,313.07","-","0.55%"
"Aug 14, 2020","20,313.07","20,254.02","20,356.84","20,254.02","-","0.29%"
"Aug 13, 2020","20,254.02","20,373.77","20,562.95","20,187.14","-","-0.59%"
"Aug 12, 2020","20,373.77","20,215.00","20,416.86","20,215.00","-","0.79%"
"Aug 11, 2020","20,215.00","20,134.40","20,334.50","20,134.40","-","0.40%"
"Aug 10, 2020","20,134.40","20,143.00","20,312.55","20,131.67","-","-0.04%"
"Aug 07, 2020","20,143.00","20,076.97","20,213.98","20,076.97","-","0.33%"
"Aug 06, 2020","20,076.97","19,915.00","20,076.97","19,858.44","-","0.81%"
"Aug 05, 2020","19,915.00","19,898.07","20,126.50","19,897.11","-","0.09%"
"Aug 04, 2020","19,898.07","19,974.24","20,245.30","19,890.10","-","-0.38%"
"Aug 03, 2020","19,974.24","20,271.65","20,272.27","19,969.29","-","-1.47%"
"Jul 31, 2020","20,271.65","19,994.14","20,271.65","19,994.14","-","1.39%"
"Jul 30, 2020","19,994.14","20,144.40","20,144.40","19,862.75","-","-0.75%"
"Jul 29, 2020","20,144.40","20,480.30","20,480.30","20,086.95","-","-1.64%"
"Jul 28, 2020","20,480.30","20,519.57","20,622.61","20,478.83","-","-0.19%"
"Jul 27, 2020","20,519.57","20,285.07","20,553.99","20,285.07","-","1.16%"
"Jul 24, 2020","20,285.07","20,140.18","20,346.21","20,012.75","-","0.72%"
"Jul 23, 2020","20,140.18","19,952.87","20,322.79","19,932.36","-","0.94%"
"Jul 22, 2020","19,952.87","19,694.59","20,049.07","19,603.57","-","1.31%"
"Jul 21, 2020","19,694.59","19,866.98","19,925.41","19,670.80","-","-0.87%"
"Jul 20, 2020","19,866.98","20,217.82","20,217.82","19,720.12","-","-1.74%"
"Jul 17, 2020","20,217.82","20,446.31","20,472.93","20,101.69","-","-1.12%"
"Jul 15, 2020","20,446.31","21,068.02","21,177.88","20,433.66","-","-2.95%"
"Jul 14, 2020","21,068.02","20,783.20","21,068.02","20,635.19","-","1.37%"
"Jul 13, 2020","20,783.20","20,369.25","20,868.02","20,369.25","-","2.03%"
"Jul 10, 2020","20,369.25","20,395.24","20,436.00","20,246.40","-","-0.13%"
"Jul 09, 2020","20,395.24","21,127.84","21,127.84","20,296.67","-","-3.47%"
"Jul 08, 2020","21,127.84","21,469.23","21,477.17","20,905.68","-","-1.59%"
"Jul 07, 2020","21,469.23","21,584.95","21,584.95","21,275.76","-","-0.54%"
"Jul 06, 2020","21,584.95","21,147.76","21,672.20","21,147.76","-","2.07%"
"Jul 03, 2020","21,147.76","20,996.17","21,233.30","20,976.98","-","0.72%"
"Jul 02, 2020","20,996.17","20,315.63","21,007.88","20,315.63","-","3.35%"
"Jul 01, 2020","20,315.63","19,969.02","20,356.02","19,969.02","-","1.74%"
"Jun 30, 2020","19,969.02","20,100.36","20,182.14","19,967.63","-","-0.65%"
"Jun 26, 2020","20,100.36","20,306.74","20,340.68","20,097.27","-","-1.02%"
"Jun 25, 2020","20,306.74","20,295.00","20,362.13","20,161.94","-","0.06%"
"Jun 24, 2020","20,295.00","20,274.84","20,346.22","20,146.44","-","0.10%"
"Jun 23, 2020","20,274.84","20,127.70","20,274.84","20,027.78","-","0.73%"
"Jun 22, 2020","20,127.70","20,234.55","20,308.53","20,030.76","-","-0.53%"
"Jun 19, 2020","20,234.55","20,043.16","20,266.62","20,043.16","-","0.95%"
"Jun 18, 2020","20,043.16","20,063.30","20,116.29","19,972.38","-","-0.10%"
"Jun 17, 2020","20,063.30","19,806.40","20,183.47","19,806.40","-","1.30%"
"Jun 16, 2020","19,806.40","19,587.27","19,981.20","19,587.27","-","1.12%"
"Jun 15, 2020","19,587.27","19,990.18","19,990.18","19,576.87","-","-2.02%"
"Jun 12, 2020","19,990.18","19,819.60","20,134.84","19,819.60","-","0.86%"
"Jun 11, 2020","19,819.60","20,368.61","20,369.09","19,735.90","-","-2.70%"
"Jun 10, 2020","20,368.61","20,661.01","20,756.19","20,361.25","-","-1.42%"
"Jun 09, 2020","20,661.01","20,720.72","20,756.04","20,313.13","-","-0.29%"
"Jun 08, 2020","20,720.72","20,215.54","20,766.96","20,215.54","-","2.50%"
"Jun 05, 2020","20,215.54","19,502.54","20,312.12","19,502.54","-","3.66%"
"Jun 04, 2020","19,502.54","19,238.21","19,506.90","19,070.03","-","1.37%"
"Jun 03, 2020","19,238.21","18,829.74","19,238.21","18,827.37","-","2.17%"
"Jun 02, 2020","18,829.74","18,516.11","18,907.79","18,516.11","-","1.69%"
"Jun 01, 2020","18,516.11","18,362.54","18,643.83","18,227.89","-","0.84%"
"May 29, 2020","18,362.54","18,465.50","18,476.78","18,131.37","-","-0.56%"
"May 28, 2020","18,465.50","18,947.75","18,975.16","18,430.08","-","-2.55%"
"May 27, 2020","18,947.75","18,817.22","19,018.63","18,749.52","-","0.69%"
"May 26, 2020","18,817.22","18,895.59","19,077.45","18,798.35","-","-0.41%"
"May 25, 2020","18,895.59","18,773.02","19,039.22","18,716.63","-","0.65%"
"May 22, 2020","18,773.02","18,908.36","19,006.66","18,737.26","-","-0.72%"
"May 20, 2020","18,908.36","18,755.20","18,956.04","18,755.20","-","0.82%"
"May 19, 2020","18,755.20","18,881.57","19,032.06","18,754.24","-","-0.67%"
"May 18, 2020","18,881.57","18,213.33","18,962.97","18,213.33","-","3.67%"
"May 15, 2020","18,213.33","18,306.36","18,483.43","18,163.71","-","-0.51%"
"May 14, 2020","18,306.36","18,160.38","18,433.27","17,863.66","-","0.80%"
"May 13, 2020","18,160.38","18,807.00","18,816.60","17,890.64","-","-3.44%"
"May 12, 2020","18,807.00","19,147.96","19,367.19","18,803.84","-","-1.78%"
"May 11, 2020","19,147.96","19,172.32","19,344.12","19,071.12","-","-0.13%"
"May 08, 2020","19,172.32","19,964.37","20,083.66","19,166.19","-","-3.97%"
"May 07, 2020","19,964.37","19,806.55","20,127.74","19,806.55","-","0.80%"
"May 06, 2020","19,806.55","19,615.23","19,926.79","19,615.23","-","0.98%"
"May 05, 2020","19,615.23","19,295.38","19,729.05","19,295.38","-","1.66%"
"May 04, 2020","19,295.38","19,823.33","19,838.48","19,193.67","-","-2.66%"
"Apr 30, 2020","19,823.33","19,987.51","19,999.26","19,684.59","-","-0.82%"
"Apr 29, 2020","19,987.51","19,455.09","20,018.72","19,455.09","-","2.74%"
"Apr 28, 2020","19,455.09","19,056.93","19,566.62","19,056.93","-","2.08%"
"Apr 27, 2020","19,059.57","18,483.21","19,071.49","18,483.21","-","3.12%"
"Apr 24, 2020","18,483.21","18,805.70","18,837.07","18,480.71","-","-1.71%"
"Apr 23, 2020","18,805.70","18,496.40","18,811.91","18,496.40","-","1.67%"
"Apr 22, 2020","18,496.40","18,381.03","18,649.63","18,381.03","-","0.63%"
"Apr 21, 2020","18,381.03","18,843.26","18,843.26","18,343.65","-","-2.45%"
"Apr 20, 2020","18,843.26","19,160.19","19,175.67","18,834.71","-","-1.65%"
"Apr 17, 2020","19,160.19","19,058.12","19,480.02","19,058.12","-","0.54%"
"Apr 16, 2020","19,058.12","19,296.08","19,357.25","18,990.79","-","-1.23%"
"Apr 15, 2020","19,296.08","19,590.56","19,594.39","19,240.39","-","-1.50%"
"Apr 14, 2020","19,590.56","19,293.05","19,638.21","19,293.05","-","1.54%"
"Apr 13, 2020","19,293.05","19,134.03","19,297.51","18,843.14","-","0.83%"
"Apr 09, 2020","19,134.03","18,790.20","19,324.90","18,790.20","-","1.83%"
"Apr 08, 2020","18,790.20","18,506.96","18,908.24","18,506.96","-","1.53%"
"Apr 07, 2020","18,506.96","18,645.87","18,985.66","18,501.78","-","-0.74%"
"Apr 06, 2020","18,645.87","18,298.05","18,942.63","18,298.05","-","1.90%"
"Apr 03, 2020","18,298.05","17,814.64","18,405.98","17,814.64","-","2.71%"
"Apr 02, 2020","17,814.64","17,173.55","18,039.16","17,173.55","-","3.73%"
"Apr 01, 2020","17,173.55","17,486.77","17,486.77","16,856.71","-","-1.79%"
"Mar 31, 2020","17,486.77","16,651.41","17,593.69","16,651.41","-","5.02%"
"Mar 30, 2020","16,651.41","16,224.74","16,823.80","16,224.74","-","2.63%"
"Mar 27, 2020","16,224.74","16,174.86","16,273.42","15,829.00","-","0.31%"
"Mar 26, 2020","16,174.86","15,738.52","16,809.72","15,504.81","-","2.77%"
"Mar 25, 2020","15,738.52","14,798.57","15,856.14","14,798.57","-","6.35%"
"Mar 24, 2020","14,798.57","14,784.91","15,651.18","14,780.97","-","0.09%"
"Mar 23, 2020","14,784.91","15,597.19","15,813.36","14,770.89","-","-5.21%"
"Mar 20, 2020","15,597.19","15,560.26","16,573.32","15,560.26","-","0.24%"
"Mar 19, 2020","15,560.26","14,685.25","15,969.16","14,685.25","-","5.96%"
"Mar 18, 2020","14,685.25","16,560.56","16,560.56","14,595.80","-","-11.32%"
"Mar 17, 2020","16,560.56","16,454.33","17,142.33","16,337.15","-","0.65%"
"Mar 16, 2020","16,454.33","18,896.25","18,902.66","16,393.06","-","-12.92%"
"Mar 13, 2020","18,896.25","18,725.03","19,429.76","18,548.68","-","0.91%"
"Mar 12, 2020","18,725.03","19,949.90","19,949.90","18,688.44","-","-6.14%"
"Mar 11, 2020","19,949.90","20,392.82","20,402.46","19,914.73","-","-2.17%"
"Mar 10, 2020","20,392.82","20,239.11","20,805.25","20,239.11","-","0.76%"
"Mar 09, 2020","20,239.11","21,165.59","21,165.59","20,238.18","-","-4.38%"
"Mar 06, 2020","21,165.59","21,607.34","21,607.34","21,160.41","-","-2.04%"
"Mar 05, 2020","21,607.34","21,807.93","21,807.93","21,501.74","-","-0.92%"
"Mar 04, 2020","21,807.93","21,485.01","21,828.76","21,485.01","-","1.50%"
"Mar 03, 2020","21,485.01","21,463.73","21,825.56","21,457.72","-","0.10%"
"Mar 02, 2020","21,463.73","20,748.06","21,470.30","20,742.89","-","3.45%"
"Feb 28, 2020","20,748.06","21,410.35","21,410.35","20,748.06","-","-3.09%"
"Feb 27, 2020","21,410.35","21,602.23","21,602.23","21,162.57","-","-0.89%"
"Feb 26, 2020","21,602.23","21,926.29","21,935.80","21,601.73","-","-1.48%"
"Feb 25, 2020","21,926.29","22,242.96","22,279.63","21,906.13","-","-1.42%"
"Feb 24, 2020","22,242.96","22,726.97","22,726.97","22,182.56","-","-2.13%"
"Feb 21, 2020","22,726.97","22,762.37","22,773.81","22,687.85","-","-0.16%"
"Feb 20, 2020","22,762.37","22,705.60","22,830.91","22,638.27","-","0.25%"
"Feb 19, 2020","22,705.60","22,830.34","22,935.69","22,596.74","-","-0.55%"
"Feb 18, 2020","22,830.34","23,239.64","23,241.67","22,825.11","-","-1.76%"
"Feb 17, 2020","23,239.64","23,345.11","23,350.96","23,187.62","-","-0.45%"
"Feb 14, 2020","23,345.11","23,360.48","23,406.09","23,226.68","-","-0.07%"
"Feb 13, 2020","23,360.48","23,402.04","23,402.04","23,209.11","-","-0.18%"
"Feb 12, 2020","23,402.04","23,356.34","23,475.16","23,337.28","-","0.20%"
"Feb 11, 2020","23,356.34","23,209.50","23,364.98","23,209.50","-","0.63%"
"Feb 10, 2020","23,209.50","23,469.59","23,475.29","23,169.87","-","-1.11%"
"Feb 07, 2020","23,469.59","23,524.83","23,551.32","23,342.25","-","-0.23%"
"Feb 06, 2020","23,524.83","23,405.74","23,560.80","23,405.74","-","0.51%"
"Feb 05, 2020","23,405.74","23,373.25","23,549.99","23,353.55","-","0.14%"
"Feb 04, 2020","23,373.25","22,971.18","23,434.95","22,971.18","-","1.75%"
"Feb 03, 2020","22,971.18","22,958.19","23,082.61","22,955.32","-","0.06%"
"Jan 31, 2020","22,958.19","22,861.92","23,022.08","22,811.06","-","0.42%"
"Jan 30, 2020","22,861.92","22,962.97","22,962.97","22,718.76","-","-0.44%"
"Jan 29, 2020","22,962.97","22,965.80","23,014.71","22,869.38","-","-0.01%"
"Jan 28, 2020","22,965.80","22,933.43","23,130.10","22,912.75","-","0.14%"
"Jan 27, 2020","22,933.43","23,310.20","23,316.35","22,807.74","-","-1.62%"
"Jan 24, 2020","23,310.20","23,355.92","23,542.34","23,281.25","-","-0.20%"
"Jan 23, 2020","23,355.92","23,454.72","23,479.52","23,191.35","-","-0.42%"
"Jan 22, 2020","23,454.72","23,580.72","23,693.76","23,435.30","-","-0.53%"
"Jan 21, 2020","23,580.72","24,113.09","24,113.09","23,570.62","-","-2.21%"
"Jan 20, 2020","24,113.09","24,392.02","24,449.98","24,083.35","-","-1.14%"
"Jan 17, 2020","24,392.02","24,425.92","24,505.38","24,320.81","-","-0.14%"
"Jan 16, 2020","24,425.92","24,387.90","24,433.64","24,316.16","-","0.16%"
"Jan 15, 2020","24,387.90","24,565.22","24,575.96","24,231.62","-","-0.72%"
"Jan 14, 2020","24,565.22","24,720.61","24,767.55","24,479.84","-","-0.63%"
"Jan 13, 2020","24,720.61","24,861.18","24,886.46","24,685.79","-","-0.57%"
"Jan 10, 2020","24,861.18","24,429.78","24,876.97","24,398.75","-","1.77%"
"Jan 09, 2020","24,429.78","24,490.55","24,511.02","24,281.38","-","-0.25%"
"Jan 08, 2020","24,490.56","24,499.85","24,535.27","24,347.67","-","-0.04%"
"Jan 07, 2020","24,499.85","24,342.37","24,543.25","24,295.61","-","0.65%"
"Jan 06, 2020","24,342.37","24,141.94","24,351.18","23,910.60","-","0.83%"
"Jan 03, 2020","24,141.94","23,985.35","24,143.02","23,725.49","-","0.65%"
"Jan 02, 2020","23,985.35","23,393.53","23,990.51","23,393.53","-","2.53%"
"Dec 30, 2019","23,393.53","23,376.72","23,469.96","23,308.36","-","0.07%"
"Dec 27, 2019","23,376.72","23,381.42","23,388.79","23,242.33","-","-0.02%"
"Dec 26, 2019","23,381.42","23,563.91","23,626.97","23,315.99","-","-0.77%"
"Dec 24, 2019","23,563.91","23,613.29","23,627.12","23,543.76","-","-0.21%"
"Dec 23, 2019","23,613.29","23,662.72","23,739.15","23,531.14","-","-0.21%"
"Dec 20, 2019","23,662.72","23,727.31","23,797.12","23,625.57","-","-0.27%"
"Dec 19, 2019","23,727.31","23,667.42","23,758.83","23,605.46","-","0.25%"
"Dec 18, 2019","23,667.42","24,026.43","24,058.27","23,530.63","-","-1.49%"
"Dec 17, 2019","24,026.43","24,316.37","24,324.51","23,938.33","-","-1.19%"
"Dec 16, 2019","24,316.37","24,350.41","24,455.74","24,301.29","-","-0.14%"
"Dec 13, 2019","24,350.41","24,006.09","24,451.33","24,006.09","-","1.43%"
"Dec 12, 2019","24,006.09","23,858.13","24,024.56","23,854.54","-","0.62%"
"Dec 11, 2019","23,858.13","23,729.39","23,971.59","23,729.39","-","0.54%"
"Dec 10, 2019","23,729.26","23,664.55","23,789.24","23,628.83","-","0.27%"
"Dec 09, 2019","23,664.56","23,560.12","23,689.77","23,514.16","-","0.44%"
"Dec 06, 2019","23,560.12","23,600.44","23,713.32","23,528.77","-","-0.17%"
"Dec 05, 2019","23,600.44","23,150.19","23,643.75","23,150.19","-","1.94%"
"Dec 04, 2019","23,150.19","22,471.98","23,150.19","22,469.96","-","3.02%"
"Dec 03, 2019","22,471.98","22,523.20","22,569.13","22,373.80","-","-0.23%"
"Dec 02, 2019","22,523.20","22,705.71","22,766.63","22,514.90","-","-0.80%"
"Nov 29, 2019","22,705.71","22,609.03","22,977.79","22,527.68","-","0.43%"
"Nov 28, 2019","22,609.03","22,978.36","22,997.08","22,487.15","-","-1.61%"
"Nov 27, 2019","22,978.36","22,845.21","23,070.34","22,822.14","-","0.58%"
"Nov 26, 2019","22,845.21","23,270.76","23,357.86","22,795.72","-","-1.83%"
"Nov 25, 2019","23,270.76","23,605.28","23,607.56","23,260.11","-","-1.42%"
"Nov 22, 2019","23,605.28","23,676.38","23,721.40","23,431.08","-","-0.30%"
"Nov 21, 2019","23,676.38","23,870.91","23,887.63","23,635.38","-","-0.81%"
"Nov 20, 2019","23,870.91","23,908.66","24,018.87","23,692.99","-","-0.16%"
"Nov 19, 2019","23,908.66","24,022.50","24,038.95","23,743.85","-","-0.47%"
"Nov 18, 2019","24,022.50","24,218.58","24,356.40","23,878.17","-","-0.81%"
"Nov 15, 2019","24,218.59","22,434.13","24,240.69","22,434.13","-","7.95%"
"Nov 14, 2019","22,434.13","22,059.41","22,464.90","22,055.47","-","1.70%"
"Nov 13, 2019","22,059.41","22,709.50","22,720.90","22,037.73","-","-2.86%"
"Nov 12, 2019","22,709.50","23,110.32","23,111.35","22,191.90","-","-1.73%"
"Nov 11, 2019","23,110.32","23,470.37","23,470.37","23,009.23","-","-1.53%"
"Nov 08, 2019","23,470.37","23,392.03","23,537.67","23,313.53","-","0.33%"
"Nov 07, 2019","23,392.03","23,082.76","23,406.29","23,057.78","-","1.34%"
"Nov 06, 2019","23,082.76","23,737.58","23,746.06","22,937.52","-","-2.76%"
"Nov 05, 2019","23,737.58","24,106.44","24,106.50","23,519.73","-","-1.53%"
"Nov 04, 2019","24,106.44","23,838.15","24,261.23","23,838.15","-","1.13%"
"Oct 30, 2019","23,838.15","24,541.55","24,542.01","23,713.09","-","-2.87%"
"Oct 29, 2019","24,541.55","24,960.00","24,964.42","24,416.54","-","-1.68%"
"Oct 28, 2019","24,960.00","24,888.28","25,006.95","24,881.21","-","0.29%"
"Oct 25, 2019","24,888.28","25,222.48","25,222.48","24,885.04","-","-1.33%"
"Oct 24, 2019","25,222.48","24,760.10","25,222.48","24,513.82","-","1.87%"
"Oct 23, 2019","24,760.10","25,154.60","25,212.43","24,717.23","-","-1.57%"
"Oct 22, 2019","25,154.60","24,985.61","25,278.39","24,874.83","-","0.68%"
"Oct 21, 2019","24,985.61","26,136.79","26,145.33","24,851.13","-","-4.40%"
"Oct 18, 2019","26,136.79","26,043.20","26,138.18","26,019.79","-","0.36%"
"Oct 17, 2019","26,043.20","25,938.17","26,081.58","25,907.75","-","0.40%"
"Oct 16, 2019","25,938.17","25,970.69","25,970.69","25,832.83","-","-0.13%"
"Oct 15, 2019","25,970.69","25,852.00","25,970.69","25,838.34","-","0.46%"
"Oct 14, 2019","25,852.00","25,871.53","25,909.15","25,806.33","-","-0.08%"
"Oct 11, 2019","25,871.53","25,478.90","25,874.21","25,478.90","-","1.54%"
"Oct 10, 2019","25,478.90","25,374.29","25,508.57","25,356.92","-","0.41%"
"Oct 09, 2019","25,374.29","25,411.94","25,499.67","25,357.92","-","-0.15%"
"Oct 08, 2019","25,411.94","25,454.45","25,454.45","25,320.09","-","-0.17%"
"Oct 07, 2019","25,454.45","25,400.26","25,458.78","25,348.19","-","0.21%"
"Oct 04, 2019","25,400.26","25,220.26","25,420.05","25,220.26","-","0.71%"
"Oct 03, 2019","25,220.26","25,300.77","25,315.34","25,129.91","-","-0.32%"
"Oct 02, 2019","25,300.78","25,383.85","25,398.98","25,234.43","-","-0.33%"
"Oct 01, 2019","25,383.85","25,455.44","25,474.09","25,329.42","-","-0.28%"
"Sep 30, 2019","25,455.44","25,637.41","25,731.85","25,365.14","-","-0.71%"
"Sep 27, 2019","25,637.41","25,287.35","25,842.40","25,287.35","-","1.38%"
"Sep 26, 2019","25,287.35","25,199.43","25,287.35","25,189.57","-","0.35%"
"Sep 25, 2019","25,199.43","25,180.37","25,199.43","24,973.50","-","0.08%"
"Sep 24, 2019","25,180.37","25,303.85","25,375.10","25,126.93","-","-0.49%"
"Sep 23, 2019","25,303.85","25,502.12","25,529.75","25,284.34","-","-0.78%"
"Sep 17, 2019","25,502.12","25,479.54","25,502.12","25,306.14","-","0.09%"
"Sep 16, 2019","25,479.55","25,191.15","25,479.55","25,110.85","-","1.14%"
"Sep 13, 2019","25,191.15","25,056.14","25,216.26","25,003.39","-","0.54%"
"Sep 12, 2019","25,056.15","24,965.64","25,069.94","24,890.78","-","0.36%"
"Sep 11, 2019","24,965.64","24,616.50","24,976.79","24,529.29","-","1.42%"
"Sep 10, 2019","24,616.50","24,517.25","24,621.10","24,454.02","-","0.40%"
"Sep 09, 2019","24,517.25","24,351.49","24,535.47","24,340.89","-","0.71%"
"Sep 06, 2019","24,345.13","24,319.53","24,412.54","24,300.46","-","0.11%"
"Sep 05, 2019","24,317.41","24,051.01","24,347.91","24,051.01","-","1.14%"
"Sep 04, 2019","24,044.06","23,885.10","24,083.38","23,885.10","-","0.51%"
"Sep 03, 2019","23,922.57","24,135.87","24,135.87","23,907.80","-","-0.86%"
"Sep 02, 2019","24,130.96","24,278.74","24,280.59","24,091.61","-","-0.61%"
"Aug 30, 2019","24,278.74","23,788.33","24,285.11","23,753.81","-","2.06%"
"Aug 29, 2019","23,788.33","23,426.46","23,789.30","23,426.46","-","1.54%"
"Aug 28, 2019","23,426.46","23,427.59","23,488.97","23,347.49","-","-0.00%"
"Aug 27, 2019","23,427.60","23,495.07","23,678.65","23,427.60","-","-0.29%"
"Aug 26, 2019","23,495.07","23,637.94","23,747.73","23,389.76","-","-0.60%"
"Aug 23, 2019","23,637.94","24,061.66","24,063.45","23,618.32","-","-1.76%"
"Aug 22, 2019","24,061.66","24,287.04","24,292.19","24,019.74","-","-0.93%"
"Aug 21, 2019","24,287.04","24,265.86","24,382.35","24,265.86","-","0.09%"
"Aug 20, 2019","24,265.86","24,329.05","24,361.61","24,255.32","-","-0.26%"
"Aug 19, 2019","24,329.05","24,385.55","24,524.00","24,326.29","-","-0.23%"
"Aug 16, 2019","24,385.55","24,317.71","24,429.60","24,280.66","-","0.28%"
"Aug 14, 2019","24,317.71","24,595.12","24,605.55","24,317.71","-","-1.13%"
"Aug 13, 2019","24,595.12","24,509.12","24,710.43","24,477.33","-","0.35%"
"Aug 12, 2019","24,509.12","24,902.87","24,902.87","24,426.18","-","-1.58%"
"Aug 09, 2019","24,902.87","24,897.28","25,031.82","24,813.28","-","0.02%"
"Aug 08, 2019","24,897.66","24,453.67","24,911.80","24,453.67","-","1.82%"
"Aug 07, 2019","24,453.67","24,326.22","24,510.94","24,258.82","-","0.52%"
"Aug 06, 2019","24,326.22","24,339.58","24,585.71","24,318.06","-","-0.05%"
"Aug 05, 2019","24,339.58","24,855.01","24,855.25","24,279.99","-","-2.07%"
"Aug 02, 2019","24,855.01","25,117.36","25,117.36","24,794.71","-","-1.04%"
"Aug 01, 2019","25,117.36","25,280.70","25,349.32","25,103.39","-","-0.65%"
"Jul 31, 2019","25,280.70","25,385.69","25,416.11","25,271.24","-","-0.41%"
"Jul 30, 2019","25,385.69","25,370.36","25,412.45","25,316.12","-","0.06%"
"Jul 29, 2019","25,370.36","25,292.82","25,373.79","25,289.63","-","0.31%"
"Jul 26, 2019","25,292.82","25,345.68","25,455.52","25,264.34","-","-0.21%"
"Jul 25, 2019","25,345.68","25,262.38","25,345.68","25,239.25","-","0.33%"
"Jul 24, 2019","25,262.38","25,410.93","25,410.93","25,253.02","-","-0.58%"
"Jul 23, 2019","25,410.93","25,571.71","25,609.74","25,379.49","-","-0.63%"
"Jul 22, 2019","25,571.71","25,669.67","25,716.95","25,568.69","-","-0.38%"
"Jul 19, 2019","25,669.67","25,621.79","25,697.57","25,563.67","-","0.19%"
"Jul 18, 2019","25,621.79","25,666.67","25,700.56","25,597.15","-","-0.17%"
"Jul 17, 2019","25,666.67","25,777.00","25,806.52","25,615.62","-","-0.43%"
"Jul 15, 2019","25,777.00","25,732.13","25,789.96","25,708.67","-","0.17%"
"Jul 12, 2019","25,732.13","25,769.35","25,827.88","25,730.65","-","-0.14%"
"Jul 11, 2019","25,769.35","25,761.78","25,836.75","25,739.97","-","0.03%"
"Jul 10, 2019","25,761.78","25,686.14","25,775.37","25,655.16","-","0.29%"
"Jul 09, 2019","25,686.14","25,746.53","25,781.01","25,612.72","-","-0.23%"
"Jul 08, 2019","25,746.53","25,779.57","25,784.07","25,662.24","-","-0.13%"
"Jul 05, 2019","25,779.58","25,701.58","25,790.70","25,553.27","-","0.30%"
"Jul 04, 2019","25,701.58","25,702.02","25,721.17","25,636.51","-","-0.00%"
"Jul 03, 2019","25,702.02","25,515.85","25,702.24","25,511.99","-","0.73%"
"Jul 02, 2019","25,515.85","25,748.85","25,756.20","25,515.04","-","-0.90%"
"Jul 01, 2019","25,748.85","25,782.13","25,904.49","25,747.67","-","-0.13%"
"Jun 28, 2019","25,782.14","25,802.29","25,835.94","25,686.60","-","-0.08%"
"Jun 27, 2019","25,802.29","25,837.47","25,873.90","25,688.33","-","-0.14%"
"Jun 26, 2019","25,837.47","25,893.15","25,893.15","25,794.77","-","-0.22%"
"Jun 25, 2019","25,893.15","25,850.81","25,895.85","25,804.97","-","0.16%"
"Jun 24, 2019","25,850.81","25,714.00","25,867.53","25,666.78","-","0.53%"
"Jun 21, 2019","25,714.00","25,710.67","25,726.05","25,644.08","-","0.01%"
"Jun 20, 2019","25,710.67","25,583.38","25,710.67","25,557.45","-","0.50%"
"Jun 19, 2019","25,583.38","25,619.60","25,629.55","25,521.41","-","-0.14%"
"Jun 18, 2019","25,619.60","25,561.01","25,708.12","25,560.59","-","0.23%"
"Jun 17, 2019","25,561.01","25,706.91","25,716.03","25,556.84","-","-0.57%"
"Jun 14, 2019","25,706.91","25,767.95","25,772.89","25,632.50","-","-0.24%"
"Jun 13, 2019","25,767.95","25,755.23","25,790.40","25,700.46","-","0.05%"
"Jun 12, 2019","25,755.23","25,763.88","25,836.56","25,703.63","-","-0.03%"
"Jun 11, 2019","25,763.88","25,531.97","25,872.43","25,531.97","-","0.91%"
"Jun 10, 2019","25,531.97","25,241.13","25,544.37","25,241.13","-","1.15%"
"Jun 07, 2019","25,241.14","25,139.80","25,315.48","25,122.42","-","0.40%"
"Jun 06, 2019","25,139.80","25,276.56","25,320.74","25,113.43","-","-0.54%"
"Jun 05, 2019","25,276.57","25,482.48","25,541.80","25,270.22","-","-0.81%"
"Jun 04, 2019","25,482.48","25,523.33","25,623.28","25,475.07","-","-0.16%"
"Jun 03, 2019","25,523.33","25,352.28","25,545.18","25,339.59","-","0.67%"
"May 31, 2019","25,352.28","25,169.21","25,408.78","25,043.17","-","0.73%"
"May 30, 2019","25,169.21","24,925.18","25,206.85","24,908.60","-","0.98%"
"May 29, 2019","24,925.18","24,602.78","24,937.90","24,602.78","-","1.31%"
"May 28, 2019","24,602.78","24,821.68","24,884.83","24,600.97","-","-0.88%"
"May 27, 2019","24,821.68","24,952.52","24,961.45","24,817.04","-","-0.52%"
"May 24, 2019","24,952.52","25,010.90","25,085.45","24,952.52","-","-0.23%"
"May 23, 2019","25,010.90","25,158.27","25,168.27","24,959.41","-","-0.59%"
"May 22, 2019","25,158.27","25,125.24","25,279.29","25,117.01","-","0.13%"
"May 20, 2019","25,125.24","25,186.32","25,271.02","25,125.24","-","-0.24%"
"May 17, 2019","25,186.32","25,405.30","25,445.56","25,183.62","-","-0.86%"
"May 16, 2019","25,405.30","25,522.04","25,572.78","25,383.61","-","-0.46%"
"May 15, 2019","25,522.04","25,580.98","25,607.91","25,386.14","-","-0.23%"
"May 14, 2019","25,580.99","25,374.75","25,596.25","25,363.11","-","0.81%"
"May 13, 2019","25,374.75","25,742.93","25,878.26","25,367.29","-","-1.43%"
"May 10, 2019","25,742.93","25,707.25","25,830.60","25,557.15","-","0.14%"
"May 09, 2019","25,707.25","25,769.82","25,806.34","25,580.31","-","-0.24%"
"May 08, 2019","25,769.82","25,843.05","25,852.94","25,662.55","-","-0.28%"
"May 07, 2019","25,843.05","26,077.01","26,080.39","25,831.93","-","-0.90%"
"May 06, 2019","26,077.01","26,097.01","26,180.05","25,926.88","-","-0.08%"
"May 03, 2019","26,097.01","26,129.03","26,292.32","26,097.01","-","-0.12%"
"May 02, 2019","26,129.03","26,331.76","26,373.90","26,126.23","-","-0.77%"
"Apr 30, 2019","26,331.76","26,252.52","26,339.37","26,198.83","-","0.30%"
"Apr 29, 2019","26,252.52","26,334.43","26,334.43","26,241.94","-","-0.31%"
"Apr 26, 2019","26,334.43","26,240.18","26,336.93","26,148.63","-","0.36%"
"Apr 25, 2019","26,240.18","26,364.45","26,379.99","26,169.70","-","-0.47%"
"Apr 24, 2019","26,364.45","26,437.44","26,470.55","26,236.18","-","-0.28%"
"Apr 23, 2019","26,437.44","26,536.52","26,553.92","26,357.09","-","-0.37%"
"Apr 22, 2019","26,536.52","26,654.85","26,663.76","26,532.99","-","-0.44%"
"Apr 18, 2019","26,654.85","26,726.51","26,739.30","26,597.43","-","-0.27%"
"Apr 17, 2019","26,726.51","26,655.39","26,733.78","26,648.76","-","0.27%"
"Apr 16, 2019","26,655.40","26,530.61","26,662.09","26,514.79","-","0.47%"
"Apr 15, 2019","26,530.61","26,570.00","26,624.53","26,510.46","-","-0.15%"
"Apr 12, 2019","26,570.00","26,633.47","26,664.59","26,507.21","-","-0.22%"
"Apr 11, 2019","26,629.55","26,790.71","26,805.16","26,576.11","-","-0.60%"
"Apr 10, 2019","26,790.71","26,768.44","26,798.31","26,690.82","-","0.08%"
"Apr 09, 2019","26,768.44","26,718.22","26,773.62","26,579.25","-","0.19%"
"Apr 08, 2019","26,718.22","26,622.84","26,718.22","26,585.27","-","0.36%"
"Apr 05, 2019","26,622.84","26,742.26","26,770.21","26,621.89","-","-0.45%"
"Apr 04, 2019","26,742.26","26,492.66","26,747.70","26,407.77","-","0.94%"
"Apr 03, 2019","26,492.67","26,447.03","26,595.38","26,421.85","-","0.17%"
"Apr 02, 2019","26,447.03","26,649.84","26,697.41","26,380.57","-","-0.76%"
"Apr 01, 2019","26,649.84","26,643.94","26,775.12","26,643.94","-","0.02%"
"Mar 29, 2019","26,643.94","26,424.28","26,648.64","26,424.28","-","0.83%"
"Mar 28, 2019","26,424.28","26,248.56","26,427.72","26,219.45","-","0.67%"
"Mar 27, 2019","26,248.56","26,321.85","26,330.39","26,154.79","-","-0.28%"
"Mar 26, 2019","26,321.85","26,329.87","26,400.73","26,213.44","-","-0.03%"
"Mar 25, 2019","26,329.87","26,409.77","26,472.59","26,171.67","-","-0.30%"
"Mar 22, 2019","26,409.77","26,628.07","26,646.24","26,262.11","-","-0.82%"
"Mar 21, 2019","26,628.07","26,550.68","26,634.84","26,503.77","-","0.29%"
"Mar 20, 2019","26,550.68","26,817.67","26,833.75","26,550.68","-","-1.00%"
"Mar 19, 2019","26,817.67","26,893.33","26,964.34","26,793.82","-","-0.28%"
"Mar 18, 2019","26,893.33","26,880.72","26,954.40","26,817.59","-","0.05%"
"Mar 15, 2019","26,880.73","26,812.46","26,979.40","26,812.46","-","0.25%"
"Mar 14, 2019","26,812.46","26,875.16","26,892.97","26,756.88","-","-0.23%"
"Mar 13, 2019","26,875.16","26,781.93","26,915.22","26,781.93","-","0.35%"
"Mar 12, 2019","26,781.93","26,808.16","26,933.21","26,779.83","-","-0.10%"
"Mar 11, 2019","26,808.16","26,704.92","26,932.85","26,699.59","-","0.39%"
"Mar 08, 2019","26,704.92","26,623.48","26,759.80","26,445.83","-","0.31%"
"Mar 07, 2019","26,623.48","26,615.31","26,670.44","26,543.93","-","0.03%"
"Mar 06, 2019","26,615.31","26,517.15","26,644.52","26,517.15","-","0.37%"
"Mar 05, 2019","26,517.15","26,571.93","26,620.97","26,501.08","-","-0.21%"
"Mar 04, 2019","26,571.93","26,742.03","26,817.51","26,536.04","-","-0.64%"
"Mar 01, 2019","26,742.03","26,797.42","26,851.01","26,711.07","-","-0.21%"
"Feb 28, 2019","26,797.42","27,140.46","27,140.46","26,779.35","-","-1.26%"
"Feb 27, 2019","27,140.46","27,597.99","27,600.70","27,081.60","-","-1.66%"
"Feb 26, 2019","27,598.00","27,620.97","27,680.44","27,492.56","-","-0.08%"
"Feb 25, 2019","27,620.97","27,638.81","27,779.10","27,613.14","-","-0.06%"
"Feb 22, 2019","27,638.81","27,455.76","27,649.52","27,437.89","-","0.67%"
"Feb 21, 2019","27,455.76","27,337.34","27,455.76","27,240.13","-","0.43%"
"Feb 20, 2019","27,337.34","27,241.43","27,394.36","27,236.13","-","0.35%"
"Feb 19, 2019","27,241.43","27,177.14","27,244.61","27,129.61","-","0.24%"
"Feb 18, 2019","27,177.15","27,299.02","27,309.08","27,127.95","-","-0.45%"
"Feb 15, 2019","27,299.02","27,213.20","27,310.44","27,124.89","-","0.32%"
"Feb 14, 2019","27,213.20","27,262.15","27,311.49","27,179.12","-","-0.18%"
"Feb 13, 2019","27,262.15","27,253.25","27,313.59","27,222.04","-","0.03%"
"Feb 12, 2019","27,253.25","27,220.99","27,253.25","27,133.82","-","0.12%"
"Feb 11, 2019","27,220.99","27,223.76","27,304.54","27,176.07","-","-0.01%"
"Feb 08, 2019","27,223.77","27,438.65","27,455.88","27,142.76","-","-0.78%"
"Feb 07, 2019","27,438.65","27,432.45","27,500.22","27,364.37","-","0.02%"
"Feb 06, 2019","27,432.45","27,584.88","27,613.89","27,431.58","-","-0.55%"
"Feb 05, 2019","27,584.88","27,602.68","27,628.38","27,552.53","-","-0.06%"
"Feb 04, 2019","27,602.68","27,508.46","27,622.52","27,416.46","-","0.34%"
"Feb 01, 2019","27,508.46","27,317.47","27,515.10","27,317.47","-","0.70%"
"Jan 31, 2019","27,317.47","27,203.31","27,492.59","27,203.17","-","0.42%"
"Jan 30, 2019","27,203.31","27,326.28","27,350.63","27,201.79","-","-0.45%"
"Jan 29, 2019","27,326.28","27,447.24","27,450.28","27,290.69","-","-0.44%"
"Jan 28, 2019","27,447.24","27,431.38","27,452.11","27,159.12","-","0.06%"
"Jan 25, 2019","27,431.39","27,319.47","27,446.71","27,287.43","-","0.41%"
"Jan 24, 2019","27,319.48","27,265.45","27,323.05","27,193.72","-","0.20%"
"Jan 23, 2019","27,265.45","27,248.27","27,325.92","27,115.04","-","0.06%"
"Jan 22, 2019","27,248.27","27,512.70","27,512.70","27,005.78","-","-0.98%"
"Jan 21, 2019","27,516.99","27,598.82","27,625.89","27,373.71","-","-0.30%"
"Jan 18, 2019","27,598.82","27,410.99","27,602.05","27,410.99","-","0.69%"
"Jan 17, 2019","27,410.99","27,325.61","27,419.13","27,260.08","-","0.31%"
"Jan 16, 2019","27,325.61","27,134.51","27,346.68","27,133.03","-","0.70%"
"Jan 15, 2019","27,134.51","27,064.96","27,175.54","27,053.19","-","0.26%"
"Jan 14, 2019","27,064.96","27,047.95","27,067.20","26,881.31","-","0.06%"
"Jan 11, 2019","27,047.95","26,795.77","27,075.89","26,794.72","-","0.94%"
"Jan 10, 2019","26,795.77","26,631.56","26,813.11","26,598.30","-","0.62%"
"Jan 09, 2019","26,631.57","26,433.95","26,695.81","26,433.95","-","0.75%"
"Jan 08, 2019","26,433.95","26,299.34","26,455.97","26,299.34","-","0.51%"
"Jan 07, 2019","26,299.34","26,300.69","26,436.99","26,255.61","-","-0.01%"
"Jan 04, 2019","26,300.69","26,033.81","26,322.92","26,032.63","-","1.03%"
"Jan 03, 2019","26,033.81","26,032.00","26,116.40","25,901.37","-","0.01%"
"Jan 02, 2019","26,032.00","25,949.84","26,077.73","25,781.76","-","0.32%"
"Dec 28, 2018","25,949.84","25,786.57","25,978.41","25,786.57","-","0.63%"
"Dec 27, 2018","25,786.57","25,742.11","25,847.81","25,716.88","-","0.17%"
"Dec 26, 2018","25,742.11","25,607.18","25,791.78","25,514.53","-","0.53%"